<?xml version="1.0" encoding="UTF-8"?><metadata>
    <idinfo>
        <citation>
            <citeinfo>
                <pubdate>20220302</pubdate>
                <title>Incorporated Cities (incorp22_1)</title>
                <geoform>vector digital data</geoform>
            </citeinfo>
        </citation>
        <descript>
            <abstract>Complete accounting of all incorporated cities, including the boundary and name of each individual city. From 2009 to 2022 CAL FIRE maintained this dataset by processing and digitally capturing annexations sent by the state Board of Equalization (BOE). In 2022 CAL FIRE began sourcing data directly from BOE, in order to allow the authoritative department provide data directly. This data is then adjusted so it resembles the previous formats.Processing includes:• Clipping the dataset to traditional state boundaries• Erasing areas that span the Bay Area (derived from calw221.gdb)• Querying for incorporated areas only• Dissolving each incorporated polygon into a single feature• Calculating the COUNTY field to remove the word 'County'As of May 3rd, 2022, this represents incorp22_1. 22_1 is based on BOE_CityCounty_20220225, and includes all annexations present in BOE_CityAnx2022_20220225 and BOE_CityAnx2023_20220223.Note: The Board of Equalization represents incorporated city boundaries is extending significantly into waterways, including beyond coastal boundaries. To see the representation in its original form please reference the datasets listed above. Syncing (for mobile use) is enabled on this dataset. </abstract>
            <purpose>California Incorporated Cities (with standard hatched symbology).  Hosted on CAL FIRE AGOL.</purpose>
        </descript>
        <status>
            <update>Annually</update>
        </status>
        <spdom>
            <bounding>
                <westbc>-124.349943</westbc>
                <eastbc>-113.881107</eastbc>
                <northbc>41.988785</northbc>
                <southbc>32.440382</southbc>
            </bounding>
        </spdom>
        <keywords>
            <theme>
                <themekt>None</themekt>
                <themekey>city</themekey>
                <themekey>incorporated</themekey>
                <themekey>urban</themekey>
            </theme>
        </keywords>
        <accconst>None</accconst>
        <useconst>The State of California and the Department of Forestry and Fire Protection make no representations or warranties regarding the accuracy of data or maps. Neither the State nor the Department shall be liable under any circumstances for any direct, special, incidental, or consequential damages with respect to any claim by any user or third party on account of, or arising from, the use of data or maps.For more information about this product, date or terms of use, contact calfire.egis@fire.ca.gov. </useconst>
        <datacred>Board of Equalization</datacred>
        <native> Version 6.2 (Build 9200) ; Esri ArcGIS 10.6.0.8321</native>
    </idinfo>
    <spdoinfo>
        <direct>Vector</direct>
        <ptvctinf>
            <sdtsterm>
                <sdtstype>GT-polygon composed of chains</sdtstype>
                <ptvctcnt>482</ptvctcnt>
            </sdtsterm>
        </ptvctinf>
    </spdoinfo>
    <eainfo>
        <detailed>
            <enttyp>
                <enttypl>incorp22_1</enttypl>
            </enttyp>
            <attr>
                <attrlabl>OBJECTID</attrlabl>
                <attrdef>Internal feature number.</attrdef>
                <attrdefs>Esri</attrdefs>
                <attrdomv>
                                        
                    <udom>Sequential unique whole numbers that are automatically generated.</udom>
                                    
                </attrdomv>
            </attr>
            <attr>
                <attrlabl>Shape</attrlabl>
                <attrdef>Feature geometry.</attrdef>
                <attrdefs>Esri</attrdefs>
                <attrdomv>
                                        
                    <udom>Coordinates defining the features.</udom>
                                    
                </attrdomv>
            </attr>
            <attr>
                <attrlabl>COUNTY</attrlabl>
            </attr>
            <attr>
                <attrlabl>CITY</attrlabl>
            </attr>
            <attr>
                <attrlabl>Shape_Length</attrlabl>
                <attrdef>Length of feature in internal units.</attrdef>
                <attrdefs>Esri</attrdefs>
                <attrdomv>
                                        
                    <udom>Positive real numbers that are automatically generated.</udom>
                                    
                </attrdomv>
            </attr>
            <attr>
                <attrlabl>Shape_Area</attrlabl>
                <attrdef>Area of feature in internal units squared.</attrdef>
                <attrdefs>Esri</attrdefs>
                <attrdomv>
                                        
                    <udom>Positive real numbers that are automatically generated.</udom>
                                    
                </attrdomv>
            </attr>
        </detailed>
    </eainfo>
    <distinfo>
        <distliab>See access and use constraints information.</distliab>
        <stdorder>
            <digform>
                <digtinfo>
                    <formname>File Geodatabase Feature Class</formname>
                </digtinfo>
            </digform>
        </stdorder>
    </distinfo>
    <metainfo>
        <metd>20220302</metd>
        <metc>
            <cntinfo>
                <cntorgp>
                    <cntorg>California Department of Forestry and Fire Protection, Office of the State Fire Marshal (CALFIRE - OSFM)</cntorg>
                    <cntper>OSFM Data Steward</cntper>
                </cntorgp>
                <cntaddr>
                    <addrtype>mailing and physical</addrtype>
                    <address>715 P St</address>
                    <city>Sacramento</city>
                    <state>California</state>
                    <postal>95814</postal>
                </cntaddr>
                <cntvoice>916-206-5341</cntvoice>
            </cntinfo>
        </metc>
        <metstdn>FGDC Content Standard for Digital Geospatial Metadata</metstdn>
        <metstdv>FGDC-STD-001-1998</metstdv>
        <mettc>local time</mettc>
    </metainfo>
</metadata>
